"11-00-VER-1008, Rev. A - Software Verification Report"
"11-00-VER-1004, Steth IO Test by Inspection Verification Protocol, Rev. A"
"11-00-VER-1001, Attachment 2, Product Label"
"11-00-VER-1002, Steth IO Shipping Test Verification Protocol, Rev. A"
"11-00-VER-1005, Steth IO Functional Verification Protocol, Rev. A"
"11-00-VER-1000, Rev. A - Steth IO Verification Plan"
"11-00-VAL-1002, Rev. A - Validation Report with Attachment"
"11-00-VAL-1002, Attachment 1 Steth IO Materials Biocompatibility Report"
"11-00-VER-1003, Steth IO Performance Test Verification Protocol, Rev. A"
"11-00-VAL-1000, Rev. A - Validation Plan"
"11-00-VER-1006, Rev A, Software Verification, System Test"
"11-00-VER-1001, Attachment 1, User Manual Labeling"
"11-00-VER-1007, Rev. A - Verification Report"
"11-00-VAL-1001, Rev. A - Validation Protocol"
"11-00-VER-1001, Steth IO Labeling Verification Protocol, Rev. A"
"11-00-UM-1000, Rev. B - Steth IO Instruction Manual"
"11-00-FSR-1000, Rev. A - Formative Study Report"
"11-00-HFR-1000, Rev. A - Steth IO HFE UE Report"
"11-00-HFP-1001, Rev. A - Steth IO Usability Protocol"
"11-00-TA-1000, Rev. A - Steth IO Task Analysis 8.5 by 11"
"11-00-HFP-1000, Rev. A - Steth IO Usability Validation Plan"
"11-00-SDS-1000 Attachment A, JSON Metadata"
"11-00-SAS-1000, Rev A SW Architecture Specification"
"11-00-SDS-1000 Attachment B, Beats per Minute"
"11-00-SRS-1000, Rev A - Software Requirements Specification"
"11-00-SDS-1000 Attachment C, Heat Map"
"11-00-SWDP-1000, Rev. A, Software Development Plan"
"11-00-SDS-1000, Rev A SW Design Specification"
"11-00-PRD-1000, Steth IO Product Requirements Document, Rev. A"
"11-00-UND-1000, Steth IO User Needs Document, Rev. A"
"11-00-DID-1000, Steth IO Design Inputs Document, Rev. A"
"11-00-DOD-1000, Rev. A - Steth IO Design Outputs Document"
"11-00-FMEA-1000, Rev. A -  FMEA for Steth IO 8.5 by 11"
"11-00-SFMEA-1000, Rev. A - Software FMEA for Steth IO 8.5 by 11"
"11-00-HA-1000, Rev. A - Steth IO Hazard Analysis 8.5 by 11"
"11-00-RMR-1000, Rev. A - Risk Management Report"
"11-00-HI-1000, Rev. A - Steth IO Hazard Identification"
"11-00-RMP-1000, Rev. A - Risk Management Plan for Steth IO"
